{
   "logs": {
            "logs_collected": {
                    "files": {
                            "collect_list": [
                                    {
                                            "file_path": "/home/ubuntu/webapp/webApp.log",
                                            "log_group_name": "csye6225",
                                            "log_stream_name": "webapp"
                                    }
                            ]
                    }
            }
    },
    "metrics":{
        "metrics_collected":{
           "statsd":{
              "service_address":":8125",
              "metrics_collection_interval":10,
              "metrics_aggregation_interval":60
           }
        }
     }
}
